year,price_index,money_supply
1990,33.39,146.77
1991,36.39,166.11
1992,40.40,198.41
1993,45.74,258.59
1994,52.75,290.22
1995,56.96,316.81
1996,61.66,349.12
1997,62.82,377.87
1998,62.32,417.56
1999,60.02,473.66
2000,57.71,563.47
2001,59.44,696.09
2002,59.36,824.94
2003,62.80,889.36
2004,65.59,984.73
2005,70.33,1096.75
2006,77.38,1176.65
2007,80.41,1322.95
2008,93.07,1656.09
2009,95.79,1798.73
2010,100.00,2041.04
2011,104.75,1881.64
2012,143.20,
2013,200.53,
2014,222.44,
2015,307.99,
2016,454.92,
2017,537.14,
2018,542.20,
2019,614.95,
